Model,Precision,Recall,F1
Transformer (BERT),0.8768,0.9006,0.8886
BiLSTM + CRF + Glove,0.8898922331717466,0.7907286206990196,0.834634949584635
BiLSTM + Glove,0.8576812032115656,0.6943350623251772,0.760835134380318
Rule-Based (Multi-Entity),0.0159,0.0956,0.0272
